[
  {
    "condition": "minecraft:any_of",
    "terms": [
      {
        "condition": "minecraft:location_check",
        "offsetX": -1,
        "predicate": {
          "light": {
            "light": 10
          }
        }
      },
      {
        "condition": "minecraft:location_check",
        "offsetZ": -1,
        "predicate": {
          "light": {
            "light": 10
          }
        }
      },
      {
        "condition": "minecraft:location_check",
        "offsetX": 1,
        "predicate": {
          "light": {
            "light": 10
          }
        }
      },
      {
        "condition": "minecraft:location_check",
        "offsetZ": 1,
        "predicate": {
          "light": {
            "light": 10
          }
        }
      },
      {
        "condition": "minecraft:location_check",
        "offsetY": 1,
        "predicate": {
          "light": {
            "light": 10
          }
        }
      },
      {
        "condition": "minecraft:location_check",
        "offsetY": -1,
        "predicate": {
          "light": {
            "light": 10
          }
        }
      }
    ]
  }
]