{
  "condition": "minecraft:any_of",
  "terms": [
    {
      "condition": "minecraft:entity_properties",
      "entity": "this",
      "predicate": {
        "type": "minecraft:player",
        "nbt": "{SelectedItem:{components:{\"minecraft:custom_data\":{magical_addons:{mana_item:1}}}}}"
      }
    },
    {
      "condition": "minecraft:entity_properties",
      "entity": "this",
      "predicate": {
        "nbt": "{Inventory:[{Slot:-106b,components:{\"minecraft:custom_data\":{magical_addons:{mana_item:1}}}}]}"
      }
    }
  ]
}