{
  "parent": "magical_addons:story/ritual_sanctuary",
  "criteria": {
    "entered_aether": {
      "conditions": {
        "to": "minecraft:the_aether"
      },
      "trigger": "minecraft:changed_dimension"
    }
  },
  "display": {
    "description": {
      "translate": "advancements.magical_addons.story.enter_the_aether.description"
    },
    "icon": {
      "count": 1,
      "id": "minecraft:glowstone",
      "components": {
        "minecraft:item_model": "magical_addons:aether_portal"
      }
    },
    "title": {
      "translate": "advancements.magical_addons.story.enter_the_aether.title"
    }
  },
  "requirements": [
    [
      "entered_aether"
    ]
  ]
}