{
  "display": {
    "icon": {
      "id": "minecraft:quartz"
    },
    "title": {
      "translate": "advancements.magical_addons.story.obtain_quartz.title"
    },
    "description": {
      "translate": "advancements.magical_addons.story.obtain_quartz.description"
    },
    "frame": "task"
  },
  "parent": "minecraft:story/mine_stone",
  "criteria": {
    "requirement": {
      "trigger": "minecraft:inventory_changed",
      "conditions": {
        "items": [
          {
            "items": "minecraft:quartz"
          }
        ]
      }
    }
  },
  "requirements": [
    [
      "requirement"
    ]
  ],
  "rewards": {
    "experience": 3
  }
}