{
  "display": {
    "icon": {
      "id": "minecraft:magma_block",
      "components": {
        "minecraft:item_model": "magical_addons:wizarding_table"
      }
    },
    "title": {
      "translate": "advancements.magical_addons.story.place_wizarding_table.title"
    },
    "description": {
      "translate": "advancements.magical_addons.story.place_wizarding_table.description"
    },
    "frame": "task"
  },
  "parent": "magical_addons:story/obtain_quartz",
  "criteria": {
    "requirement": {
      "trigger": "minecraft:placed_block",
      "conditions": {
        "location": [
          {
            "condition": "minecraft:location_check",
            "predicate": {
              "block": {
                "blocks": "minecraft:spawner",
                "nbt": "{components:{\"minecraft:custom_data\":{magical_addons:{id:\"wizarding_table\"}}}}"
              }
            }
          }
        ]
      }
    }
  },
  "requirements": [
    [
      "requirement"
    ]
  ],
  "rewards": {
    "experience": 3
  }
}