{
  "condition": "minecraft:any_of",
  "terms": [
    {
      "condition": "minecraft:inverted",
      "term": {
        "condition": "minecraft:location_check",
        "predicate": {
          "block": {
            "blocks": "minecraft:structure_void"
          }
        }
      }
    },
    {
      "condition": "minecraft:location_check",
      "offsetY": -1,
      "predicate": {
        "block": {
          "blocks": "#magical_addons:non_collidable"
        }
      }
    },
    {
      "condition": "minecraft:inverted",
      "term": {
        "condition": "minecraft:location_check",
        "offsetY": -1,
        "predicate": {
          "block": {
            "blocks": "#minecraft:big_dripleaf_placeable"
          }
        }
      }
    }
  ]
}