{
  "display": {
    "icon": {
      "id": "minecraft:stick",
      "components": {
        "minecraft:item_model": "magical_addons:sparkstone_shard"
      }
    },
    "title": {
      "translate": "advancements.magical_addons.aether.get_sparkstone.title"
    },
    "description": {
      "translate": "advancements.magical_addons.aether.get_sparkstone.description"
    },
    "frame": "task"
  },
  "parent": "magical_addons:aether/root",
  "criteria": {
    "requirement": {
      "trigger": "minecraft:inventory_changed",
      "conditions": {
        "items": [
          {
            "components": {
              "minecraft:custom_data": {
                "magical_addons": {
                  "id": "sparkstone_shard"
                }
              }
            }
          }
        ]
      }
    }
  },
  "requirements": [
    [
      "requirement"
    ]
  ],
  "rewards": {
    "experience": 3
  }
}