{
  "display": {
    "icon": {
      "id": "minecraft:observer"
    },
    "title": {
      "translate": "advancements.magical_addons.aether.kill_automaton.title"
    },
    "description": {
      "translate": "advancements.magical_addons.aether.kill_automaton.description"
    },
    "frame": "challenge",
    "show_toast": true,
    "announce_to_chat": true,
    "hidden": false
  },
  "parent": "magical_addons:aether/root",
  "criteria": {
    "kill_automaton": {
      "trigger": "minecraft:player_killed_entity",
      "conditions": {
        "entity": {
          "type": "minecraft:husk",
          "nbt": "{Tags:[maddons.automaton]}"
        }
      }
    }
  },
  "rewards": {
    "experience": 100
  }
}