{
  "display": {
    "icon": {
      "id": "minecraft:glowstone",
      "components": {
        "minecraft:item_model": "magical_addons:sparkstone"
      }
    },
    "title": {
      "translate": "advancements.magical_addons.aether.root.title"
    },
    "description": {
      "translate": "advancements.magical_addons.aether.root.description",
      "bold": false
    },
    "background": "magical_addons:block/sparkstone",
    "frame": "task",
    "show_toast": false,
    "announce_to_chat": false,
    "hidden": false
  },
  "criteria": {
    "the_aether": {
      "trigger": "minecraft:changed_dimension",
      "conditions": {
        "from": "minecraft:overworld",
        "to": "minecraft:the_aether"
      }
    }
  },
  "rewards": {
    "experience": 2
  }
}