{
  "ambient_light": 1.0,
  "bed_works": true,
  "coordinate_scale": 6.0,
  "effects": "minecraft:the_nether",
  "has_ceiling": false,
  "has_raids": false,
  "has_skylight": true,
  "height": 256,
  "infiniburn": "#minecraft:infiniburn_overworld",
  "logical_height": 256,
  "min_y": 0,
  "monster_spawn_block_light_limit": 0,
  "monster_spawn_light_level": {
    "type": "minecraft:uniform",
    "min_inclusive": 0,
    "max_inclusive": 7
  },
  "fixed_time": 22000,
  "natural": true,
  "piglin_safe": false,
  "respawn_anchor_works": false,
  "ultrawarm": false,
  "cloud_height": 25
}