{
  "condition": "minecraft:any_of",
  "terms": [
    {
      "condition": "minecraft:location_check",
      "predicate": {
        "block": {
          "blocks": "dispenser",
          "state": {
            "triggered": "true"
          }
        }
      }
    },
    {
      "condition": "minecraft:location_check",
      "offsetX": -1,
      "predicate": {
        "block": {
          "blocks": "dispenser",
          "state": {
            "triggered": "true"
          }
        }
      }
    },
    {
      "condition": "minecraft:location_check",
      "offsetX": 1,
      "predicate": {
        "block": {
          "blocks": "dispenser",
          "state": {
            "triggered": "true"
          }
        }
      }
    },
    {
      "condition": "minecraft:location_check",
      "offsetY": -1,
      "predicate": {
        "block": {
          "blocks": "dispenser",
          "state": {
            "triggered": "true"
          }
        }
      }
    },
    {
      "condition": "minecraft:location_check",
      "offsetY": 1,
      "predicate": {
        "block": {
          "blocks": "dispenser",
          "state": {
            "triggered": "true"
          }
        }
      }
    },
    {
      "condition": "minecraft:location_check",
      "offsetZ": -1,
      "predicate": {
        "block": {
          "blocks": "dispenser",
          "state": {
            "triggered": "true"
          }
        }
      }
    },
    {
      "condition": "minecraft:location_check",
      "offsetZ": 1,
      "predicate": {
        "block": {
          "blocks": "dispenser",
          "state": {
            "triggered": "true"
          }
        }
      }
    }
  ]
}