[
  {
    "condition": "minecraft:any_of",
    "terms": [
      {
        "condition": "minecraft:location_check",
        "offsetX": -1,
        "predicate": {
          "block": {
            "blocks": "#magical_addons:translucent"
          }
        }
      },
      {
        "condition": "minecraft:location_check",
        "offsetX": 1,
        "predicate": {
          "block": {
            "blocks": "#magical_addons:translucent"
          }
        }
      },
      {
        "condition": "minecraft:location_check",
        "offsetY": -1,
        "predicate": {
          "block": {
            "blocks": "#magical_addons:translucent"
          }
        }
      },
      {
        "condition": "minecraft:location_check",
        "offsetY": 1,
        "predicate": {
          "block": {
            "blocks": "#magical_addons:translucent"
          }
        }
      },
      {
        "condition": "minecraft:location_check",
        "offsetZ": -1,
        "predicate": {
          "block": {
            "blocks": "#magical_addons:translucent"
          }
        }
      },
      {
        "condition": "minecraft:location_check",
        "offsetZ": 1,
        "predicate": {
          "block": {
            "blocks": "#magical_addons:translucent"
          }
        }
      }
    ]
  }
]