{
  "type": "minecraft:block",
  "pools": [
    {
      "bonus_rolls": 0,
      "entries": [
        {
          "type": "minecraft:alternatives",
          "children": [
            {
              "type": "minecraft:loot_table",
              "conditions": [
                {
                  "condition": "minecraft:any_of",
                  "terms": [
                    {
                      "condition": "minecraft:entity_properties",
                      "entity": "this",
                      "predicate": {
                        "equipment": {
                          "mainhand": {
                            "items": "minecraft:shears"
                          }
                        }
                      }
                    },
                    {
                      "condition": "minecraft:entity_properties",
                      "entity": "this",
                      "predicate": {
                        "equipment": {
                          "mainhand": {
                            "predicates": {
                              "minecraft:enchantments": [
                                {
                                  "enchantments": "minecraft:silk_touch",
                                  "levels": {
                                    "min": 1
                                  }
                                }
                              ]
                            }
                          }
                        }
                      }
                    }
                  ]
                }
              ],
              "value": "magical_addons:golden_oak_leaves"
            },
            {
              "type": "minecraft:loot_table",
              "conditions": [
                {
                  "chances": [
                    0.05,
                    0.0625,
                    0.083333336,
                    0.1
                  ],
                  "condition": "minecraft:table_bonus",
                  "enchantment": "minecraft:fortune"
                }
              ],
              "value": "magical_addons:golden_oak_sapling"
            }
          ]
        }
      ],
      "rolls": 1
    },
    {
      "bonus_rolls": 0,
      "conditions": [
        {
          "condition": "minecraft:inverted",
          "term": {
            "condition": "minecraft:any_of",
            "terms": [
              {
                "condition": "minecraft:entity_properties",
                "entity": "this",
                "predicate": {
                  "equipment": {
                    "mainhand": {
                      "items": "minecraft:shears"
                    }
                  }
                }
              },
              {
                "condition": "minecraft:entity_properties",
                "entity": "this",
                "predicate": {
                  "equipment": {
                    "mainhand": {
                      "predicates": {
                        "minecraft:enchantments": [
                          {
                            "enchantments": "minecraft:silk_touch",
                            "levels": {
                              "min": 1
                            }
                          }
                        ]
                      }
                    }
                  }
                }
              }
            ]
          }
        }
      ],
      "entries": [
        {
          "type": "minecraft:item",
          "conditions": [
            {
              "chances": [
                0.02,
                0.022222223,
                0.025,
                0.033333335,
                0.1
              ],
              "condition": "minecraft:table_bonus",
              "enchantment": "minecraft:fortune"
            }
          ],
          "functions": [
            {
              "add": false,
              "count": {
                "type": "minecraft:uniform",
                "max": 2,
                "min": 1
              },
              "function": "minecraft:set_count"
            }
          ],
          "name": "minecraft:stick"
        }
      ],
      "rolls": 1
    },
    {
      "bonus_rolls": 0,
      "conditions": [
        {
          "condition": "minecraft:inverted",
          "term": {
            "condition": "minecraft:any_of",
            "terms": [
              {
                "condition": "minecraft:entity_properties",
                "entity": "this",
                "predicate": {
                  "equipment": {
                    "mainhand": {
                      "items": "minecraft:shears"
                    }
                  }
                }
              },
              {
                "condition": "minecraft:entity_properties",
                "entity": "this",
                "predicate": {
                  "equipment": {
                    "mainhand": {
                      "predicates": {
                        "minecraft:enchantments": [
                          {
                            "enchantments": "minecraft:silk_touch",
                            "levels": {
                              "min": 1
                            }
                          }
                        ]
                      }
                    }
                  }
                }
              }
            ]
          }
        }
      ],
      "entries": [
        {
          "type": "minecraft:item",
          "conditions": [
            {
              "chances": [
                0.005,
                0.0055555557,
                0.00625,
                0.008333334,
                0.025
              ],
              "condition": "minecraft:table_bonus",
              "enchantment": "minecraft:fortune"
            }
          ],
          "name": "minecraft:golden_apple"
        }
      ],
      "rolls": 1
    }
  ],
  "random_sequence": "magical_addons:blocks/golden_oak_leaves"
}