{
  "type": "minecraft:block",
  "pools": [
    {
      "rolls": 1,
      "entries": [
        {
          "type": "minecraft:loot_table",
          "value": "magical_addons:gravitite"
        },
        {
          "type": "minecraft:loot_table",
          "value": "magical_addons:gravitite_ore",
          "conditions": [
            {
              "condition": "minecraft:match_tool",
              "predicate": {
                "predicates": {
                  "minecraft:enchantments": [
                    {
                      "enchantments": "minecraft:silk_touch",
                      "levels": {
                        "min": 1
                      }
                    }
                  ]
                }
              }
            }
          ]
        }
      ],
      "conditions": [
        {
          "condition": "minecraft:any_of",
          "terms": [
            {
              "condition": "minecraft:match_tool",
              "predicate": {
                "items": "minecraft:iron_pickaxe"
              }
            },
            {
              "condition": "minecraft:match_tool",
              "predicate": {
                "items": "minecraft:diamond_pickaxe"
              }
            },
            {
              "condition": "minecraft:match_tool",
              "predicate": {
                "items": "minecraft:netherite_pickaxe"
              }
            }
          ]
        }
      ]
    }
  ],
  "random_sequence": "magical_addons:blocks/gravitite_ore"
}