{
  "type": "minecraft:block",
  "pools": [
    {
      "rolls": 1,
      "entries": [
        {
          "type": "minecraft:item",
          "name": "minecraft:quartz",
          "conditions": [
            {
              "condition": "minecraft:match_tool",
              "predicate": {
                "items": "#minecraft:pickaxes"
              }
            }
          ]
        },
        {
          "type": "minecraft:loot_table",
          "value": "magical_addons:quartz_ore",
          "conditions": [
            {
              "condition": "minecraft:match_tool",
              "predicate": {
                "predicates": {
                  "minecraft:enchantments": [
                    {
                      "enchantments": "minecraft:silk_touch",
                      "levels": {
                        "min": 1
                      }
                    }
                  ]
                }
              }
            }
          ]
        }
      ]
    }
  ],
  "random_sequence": "magical_addons:blocks/quartz_ore"
}