{
  "type": "minecraft:block",
  "pools": [
    {
      "bonus_rolls": 0,
      "entries": [
        {
          "type": "minecraft:alternatives",
          "children": [
            {
              "type": "minecraft:loot_table",
              "conditions": [
                {
                  "condition": "minecraft:match_tool",
                  "predicate": {
                    "predicates": {
                      "minecraft:enchantments": [
                        {
                          "enchantments": "minecraft:silk_touch",
                          "levels": {
                            "min": 1
                          }
                        }
                      ]
                    }
                  }
                }
              ],
              "value": "magical_addons:sparkstone_cluster"
            },
            {
              "type": "minecraft:alternatives",
              "children": [
                {
                  "type": "minecraft:loot_table",
                  "conditions": [
                    {
                      "condition": "minecraft:match_tool",
                      "predicate": {
                        "items": "#minecraft:cluster_max_harvestables"
                      }
                    }
                  ],
                  "functions": [
                    {
                      "add": false,
                      "count": {
                        "min": 2,
                        "max": 4
                      },
                      "function": "minecraft:set_count"
                    },
                    {
                      "enchantment": "minecraft:fortune",
                      "formula": "minecraft:ore_drops",
                      "function": "minecraft:apply_bonus"
                    }
                  ],
                  "value": "magical_addons:sparkstone_shard"
                }
              ]
            }
          ]
        }
      ],
      "rolls": 1
    },
    {
      "bonus_rolls": 0,
      "entries": [
        {
          "type": "minecraft:alternatives",
          "children": [
            {
              "type": "minecraft:loot_table",
              "conditions": [
                {
                  "condition": "minecraft:match_tool",
                  "predicate": {
                    "predicates": {
                      "minecraft:enchantments": [
                        {
                          "enchantments": "minecraft:silk_touch",
                          "levels": {
                            "min": 1
                          }
                        }
                      ]
                    }
                  }
                }
              ],
              "value": "magical_addons:sparkstone_cluster"
            },
            {
              "type": "minecraft:alternatives",
              "children": [
                {
                  "type": "minecraft:loot_table",
                  "conditions": [
                    {
                      "condition": "minecraft:match_tool",
                      "predicate": {
                        "items": "#minecraft:cluster_max_harvestables"
                      }
                    }
                  ],
                  "functions": [
                    {
                      "add": false,
                      "count": {
                        "min": 0,
                        "max": 1
                      },
                      "function": "minecraft:set_count"
                    }
                  ],
                  "value": "magical_addons:sparkstone_dust"
                }
              ]
            }
          ]
        }
      ],
      "rolls": 1
    }
  ],
  "random_sequence": "magical_addons:blocks/sparkstone_cluster"
}