{
  "pools": [
    {
      "rolls": 1,
      "entries": [
        {
          "type": "minecraft:item",
          "name": "minecraft:goat_horn",
          "functions": [
            {
              "function": "minecraft:set_components",
              "components": {
                "minecraft:custom_data": {
                  "magical_addons": {
                    "id": "deep_note_goat_horn"
                  }
                },
                "minecraft:instrument": "magical_addons:deep_note_goat_horn"
              }
            }
          ]
        }
      ]
    }
  ]
}