{
  "pools": [
    {
      "rolls": 1,
      "entries": [
        {
          "type": "minecraft:item",
          "name": "minecraft:spawner",
          "functions": [
            {
              "function": "minecraft:set_components",
              "components": {
                "minecraft:item_model": "magical_addons:lavender_bush",
                "minecraft:item_name": {
                  "translate": "item.magical_addons.lavender_bush"
                },
                "minecraft:custom_data": {
                  "magical_addons": {
                    "generated": false,
                    "id": "lavender_bush",
                    "groups": [
                      "explodable"
                    ],
                    "base_block": "spawner"
                  }
                },
                "minecraft:tooltip_display": {
                  "hidden_components": [
                    "minecraft:block_entity_data"
                  ]
                }
              }
            }
          ]
        }
      ]
    }
  ]
}