{
  "pools": [
    {
      "rolls": 1,
      "entries": [
        {
          "type": "minecraft:item",
          "name": "minecraft:recovery_compass",
          "functions": [
            {
              "function": "minecraft:set_components",
              "components": {
                "minecraft:item_name": {
                  "translate": "item.magical_addons.soul_bottle"
                },
                "minecraft:item_model": "magical_addons:soul_bottle",
                "minecraft:custom_data": {
                  "magical_addons": {
                    "id": "soul_bottle"
                  }
                },
                "minecraft:consumable": {
                  "animation": "drink",
                  "sound": "minecraft:item.honey_bottle.drink",
                  "has_consume_particles": false
                },
                "minecraft:max_stack_size": 1,
                "minecraft:rarity": "uncommon",
                "minecraft:food": {
                  "nutrition": 0,
                  "saturation": 0,
                  "can_always_eat": true
                },
                "minecraft:use_remainder": {
                  "id": "minecraft:glass_bottle"
                }
              }
            }
          ]
        }
      ]
    }
  ]
}