{
  "pools": [
    {
      "rolls": 1,
      "entries": [
        {
          "type": "minecraft:item",
          "name": "minecraft:potion",
          "functions": [
            {
              "function": "minecraft:set_components",
              "components": {
                "minecraft:potion_contents": {
                  "potion": "thick",
                  "custom_color": 47871,
                  "custom_name": "sparkstone_lingering"
                },
                "minecraft:consumable": {
                  "consume_seconds": 999999,
                  "animation": "none"
                },
                "minecraft:food": {
                  "nutrition": 0,
                  "saturation": 0,
                  "can_always_eat": true
                },
                "minecraft:rarity": "common",
                "minecraft:item_model": "lingering_potion",
                "minecraft:max_stack_size": 1,
                "minecraft:lore": [
                  {
                    "translate": "item.magical_addons.sparkstone_lingering_potion.lore",
                    "extra": [
                      {
                        "text": " +50"
                      }
                    ],
                    "color": "blue",
                    "italic": false
                  }
                ],
                "minecraft:custom_data": {
                  "magical_addons": {
                    "id": "sparkstone_lingering_potion"
                  }
                },
                "tooltip_display": {
                  "hidden_components": [
                    "minecraft:potion_contents"
                  ]
                }
              }
            }
          ]
        }
      ]
    }
  ]
}