{
  "pools": [
    {
      "rolls": 1,
      "entries": [
        {
          "type": "minecraft:item",
          "name": "minecraft:wooden_sword",
          "functions": [
            {
              "function": "minecraft:set_components",
              "components": {
                "minecraft:consumable": {
                  "consume_seconds": 999999,
                  "animation": "none"
                },
                "minecraft:food": {
                  "nutrition": 0,
                  "saturation": 0,
                  "can_always_eat": true
                },
                "minecraft:item_model": "magical_addons:wooden_dagger",
                "minecraft:max_damage": 59,
                "minecraft:max_stack_size": 1,
                "minecraft:damage": 0,
                "minecraft:item_name": {
                  "translate": "item.magical_addons.wooden_dagger"
                },
                "minecraft:custom_data": {
                  "magical_addons": {
                    "id": "wooden_dagger",
                    "max_damage": 59
                  }
                },
                "minecraft:enchantable": {
                  "value": 15
                },
                "minecraft:attribute_modifiers": [
                  {
                    "type": "minecraft:attack_damage",
                    "id": "magical_addons:attack_damage",
                    "amount": 2,
                    "operation": "add_value",
                    "slot": "mainhand"
                  },
                  {
                    "type": "minecraft:attack_speed",
                    "id": "magical_addons:attack_speed",
                    "amount": 0.8,
                    "operation": "add_value",
                    "slot": "mainhand"
                  }
                ],
                "minecraft:tool": {
                  "rules": [],
                  "can_destroy_blocks_in_creative": false
                }
              }
            }
          ]
        }
      ]
    }
  ]
}