{
  "parent": "magical_addons:---/entity/root",
  "criteria": {
    "requirement": {
      "trigger": "minecraft:player_hurt_entity",
      "conditions": {
        "player": [
          {
            "condition": "minecraft:entity_properties",
            "entity": "this",
            "predicate": {
              "type_specific": {
                "type": "minecraft:player",
                "gamemode": [
                  "survival",
                  "adventure"
                ]
              }
            }
          }
        ],
        "entity": [
          {
            "condition": "minecraft:entity_properties",
            "entity": "this",
            "predicate": {
              "type": "minecraft:cave_spider",
              "nbt": "{Tags:[maddons.sculk_spider]}"
            }
          }
        ]
      }
    }
  },
  "rewards": {
    "function": "magical_addons:entity/sculk_spider/hit"
  }
}