{
  "condition": "minecraft:any_of",
  "terms": [
    {
      "condition": "minecraft:location_check",
      "offsetX": -1,
      "predicate": {
        "block": {
          "blocks": "minecraft:hopper",
          "nbt": "{Items:[{components:{\"minecraft:custom_data\":{magical_addons:{id:\"sparkstone_orb\"}}}}]}"
        }
      }
    },
    {
      "condition": "minecraft:location_check",
      "offsetX": 1,
      "predicate": {
        "block": {
          "blocks": "minecraft:hopper",
          "nbt": "{Items:[{components:{\"minecraft:custom_data\":{magical_addons:{id:\"sparkstone_orb\"}}}}]}"
        }
      }
    },
    {
      "condition": "minecraft:location_check",
      "offsetY": -1,
      "predicate": {
        "block": {
          "blocks": "minecraft:hopper",
          "nbt": "{Items:[{components:{\"minecraft:custom_data\":{magical_addons:{id:\"sparkstone_orb\"}}}}]}"
        }
      }
    },
    {
      "condition": "minecraft:location_check",
      "offsetY": 1,
      "predicate": {
        "block": {
          "blocks": "minecraft:hopper",
          "nbt": "{Items:[{components:{\"minecraft:custom_data\":{magical_addons:{id:\"sparkstone_orb\"}}}}]}"
        }
      }
    },
    {
      "condition": "minecraft:location_check",
      "offsetZ": -1,
      "predicate": {
        "block": {
          "blocks": "minecraft:hopper",
          "nbt": "{Items:[{components:{\"minecraft:custom_data\":{magical_addons:{id:\"sparkstone_orb\"}}}}]}"
        }
      }
    },
    {
      "condition": "minecraft:location_check",
      "offsetZ": 1,
      "predicate": {
        "block": {
          "blocks": "minecraft:hopper",
          "nbt": "{Items:[{components:{\"minecraft:custom_data\":{magical_addons:{id:\"sparkstone_orb\"}}}}]}"
        }
      }
    }
  ]
}