{
  "parent": "magical_addons:---/dimension/root",
  "criteria": {
    "requirement": {
      "trigger": "minecraft:tick",
      "conditions": {
        "player": [
          {
            "condition": "minecraft:all_of",
            "terms": [
              {
                "condition": "minecraft:entity_properties",
                "entity": "this",
                "predicate": {
                  "type": "minecraft:player",
                  "nbt": "{SleepTimer:99s}",
                  "location": {
                    "dimension": "minecraft:the_aether"
                  }
                }
              }
            ]
          }
        ]
      }
    }
  },
  "rewards": {
    "function": "magical_addons:dimension/the_aether/test_return"
  }
}