{
  "parent": "magical_addons:---/block/interact",
  "criteria": {
    "requirement": {
      "trigger": "minecraft:item_used_on_block",
      "conditions": {
        "location": [
          {
            "condition": "minecraft:location_check",
            "predicate": {
              "block": {
                "blocks": "minecraft:spawner"
              }
            }
          }
        ]
      }
    }
  },
  "rewards": {
    "function": "magical_addons:block/vanilla/spawner/iraycast"
  }
}