{
  "pools": [
    {
      "rolls": {
        "min": 3,
        "max": 5
      },
      "entries": [
        {
          "type": "item",
          "name": "minecraft:stick",
          "weight": 2
        },
        {
          "type": "item",
          "name": "minecraft:bone",
          "weight": 2
        },
        {
          "type": "item",
          "name": "minecraft:egg",
          "weight": 1
        },
        {
          "type": "item",
          "name": "minecraft:flint",
          "weight": 2
        },
        {
          "type": "item",
          "name": "minecraft:feather",
          "weight": 2
        },
        {
          "type": "item",
          "name": "minecraft:wheat",
          "weight": 1
        },
        {
          "type": "item",
          "name": "minecraft:string",
          "weight": 2
        },
        {
          "type": "item",
          "name": "minecraft:charcoal",
          "weight": 1
        },
        {
          "type": "item",
          "name": "minecraft:iron_nugget",
          "weight": 1
        },
        {
          "type": "item",
          "name": "minecraft:bowl",
          "weight": 1
        },
        {
          "type": "item",
          "name": "minecraft:rabbit_hide",
          "weight": 2
        },
        {
          "type": "item",
          "name": "minecraft:leather",
          "weight": 2
        },
        {
          "type": "item",
          "name": "minecraft:paper",
          "weight": 2
        },
        {
          "type": "item",
          "name": "minecraft:glass_bottle",
          "weight": 1
        },
        {
          "type": "item",
          "name": "minecraft:brown_mushroom",
          "weight": 1
        },
        {
          "type": "item",
          "name": "minecraft:leather_helmet",
          "functions": [
            {
              "function": "minecraft:set_damage",
              "damage": {
                "min": 0.05,
                "max": 0.1
              }
            }
          ],
          "weight": 1
        },
        {
          "type": "item",
          "name": "minecraft:leather_boots",
          "functions": [
            {
              "function": "minecraft:set_damage",
              "damage": {
                "min": 0.05,
                "max": 0.1
              }
            }
          ],
          "weight": 1
        },
        {
          "type": "item",
          "name": "minecraft:iron_axe",
          "functions": [
            {
              "function": "minecraft:set_damage",
              "damage": 0
            }
          ],
          "weight": 1
        },
        {
          "type": "item",
          "name": "minecraft:fishing_rod",
          "functions": [
            {
              "function": "minecraft:set_damage",
              "damage": 0
            }
          ],
          "weight": 1
        },
        {
          "type": "item",
          "name": "minecraft:quartz",
          "weight": 1,
          "quality": 1
        },
        {
          "type": "item",
          "name": "minecraft:arrow",
          "weight": 1,
          "quality": 1
        },
        {
          "type": "item",
          "name": "minecraft:clay_ball",
          "weight": 1
        },
        {
          "type": "item",
          "name": "minecraft:brick",
          "weight": 1
        },
        {
          "type": "item",
          "name": "minecraft:coal",
          "weight": 1
        },
        {
          "type": "item",
          "name": "minecraft:tripwire_hook",
          "weight": 1
        },
        {
          "type": "item",
          "name": "minecraft:smooth_stone_slab",
          "weight": 1
        },
        {
          "type": "item",
          "name": "minecraft:cobblestone_slab",
          "weight": 1
        },
        {
          "type": "item",
          "name": "minecraft:gold_nugget",
          "weight": 1
        },
        {
          "type": "item",
          "name": "minecraft:raw_iron",
          "weight": 1
        },
        {
          "type": "item",
          "name": "minecraft:raw_gold",
          "weight": 1
        },
        {
          "type": "item",
          "name": "minecraft:oak_log",
          "weight": 1
        },
        {
          "type": "item",
          "name": "minecraft:spruce_log",
          "weight": 1
        },
        {
          "type": "item",
          "name": "minecraft:dark_oak_log",
          "weight": 1
        },
        {
          "type": "item",
          "name": "minecraft:stripped_oak_log",
          "weight": 1
        },
        {
          "type": "item",
          "name": "minecraft:stripped_spruce_log",
          "weight": 1
        },
        {
          "type": "item",
          "name": "minecraft:stripped_dark_oak_log",
          "weight": 1
        },
        {
          "type": "item",
          "name": "minecraft:cobblestone",
          "weight": 1
        },
        {
          "type": "item",
          "name": "minecraft:dirt",
          "weight": 1
        },
        {
          "type": "item",
          "name": "minecraft:coarse_dirt",
          "weight": 1
        },
        {
          "type": "item",
          "name": "minecraft:wheat_seeds",
          "weight": 1
        },
        {
          "type": "item",
          "name": "minecraft:oak_planks",
          "weight": 1
        },
        {
          "type": "item",
          "name": "minecraft:spruce_planks",
          "weight": 1
        }
      ]
    },
    {
      "rolls": 1,
      "entries": [
        {
          "type": "item",
          "name": "minecraft:suspicious_stew",
          "functions": [
            {
              "function": "minecraft:set_stew_effect",
              "effects": [
                {
                  "type": "minecraft:nausea",
                  "duration": {
                    "type": "minecraft:uniform",
                    "min": 30,
                    "max": 100
                  }
                }
              ]
            }
          ],
          "weight": 1
        },
        {
          "type": "item",
          "name": "minecraft:suspicious_stew",
          "functions": [
            {
              "function": "minecraft:set_stew_effect",
              "effects": [
                {
                  "type": "minecraft:wither",
                  "duration": {
                    "type": "minecraft:uniform",
                    "min": 5,
                    "max": 10
                  }
                }
              ]
            }
          ],
          "weight": 1
        },
        {
          "type": "item",
          "name": "minecraft:suspicious_stew",
          "functions": [
            {
              "function": "minecraft:set_stew_effect",
              "effects": [
                {
                  "type": "minecraft:fire_resistance",
                  "duration": 0
                }
              ]
            }
          ],
          "weight": 1
        },
        {
          "type": "item",
          "name": "minecraft:suspicious_stew",
          "functions": [
            {
              "function": "minecraft:set_stew_effect",
              "effects": [
                {
                  "type": "minecraft:night_vision",
                  "duration": {
                    "type": "minecraft:uniform",
                    "min": 25,
                    "max": 50
                  }
                }
              ]
            }
          ],
          "weight": 1
        },
        {
          "type": "item",
          "name": "minecraft:suspicious_stew",
          "functions": [
            {
              "function": "minecraft:set_stew_effect",
              "effects": [
                {
                  "type": "minecraft:saturation",
                  "duration": {
                    "type": "minecraft:uniform",
                    "min": 10,
                    "max": 30
                  }
                }
              ]
            }
          ],
          "weight": 1
        },
        {
          "type": "item",
          "name": "minecraft:suspicious_stew",
          "functions": [
            {
              "function": "minecraft:set_stew_effect",
              "effects": [
                {
                  "type": "minecraft:poison",
                  "duration": {
                    "type": "minecraft:uniform",
                    "min": 5,
                    "max": 15
                  }
                }
              ]
            }
          ],
          "weight": 1
        },
        {
          "type": "empty",
          "weight": 114
        }
      ]
    },
    {
      "rolls": {
        "min": 0,
        "max": 1
      },
      "entries": [
        {
          "type": "item",
          "name": "minecraft:potion",
          "functions": [
            {
              "function": "minecraft:set_potion",
              "id": "minecraft:luck"
            }
          ],
          "weight": 1
        },
        {
          "type": "empty",
          "weight": 14
        },
        {
          "type": "item",
          "name": "minecraft:iron_ingot",
          "functions": [
            {
              "function": "set_count",
              "count": {
                "min": 1,
                "max": 3
              }
            }
          ],
          "weight": 1
        },
        {
          "type": "item",
          "name": "minecraft:emerald",
          "functions": [
            {
              "function": "set_count",
              "count": {
                "min": 1,
                "max": 3
              }
            }
          ],
          "weight": 1,
          "quality": 1
        },
        {
          "type": "item",
          "name": "minecraft:diamond",
          "weight": 1,
          "quality": 1
        }
      ]
    },
    {
      "rolls": {
        "min": 0,
        "max": 2
      },
      "entries": [
        {
          "type": "item",
          "name": "minecraft:apple",
          "weight": 1
        },
        {
          "type": "item",
          "name": "minecraft:bread",
          "weight": 1
        },
        {
          "type": "item",
          "name": "minecraft:beef",
          "weight": 1
        },
        {
          "type": "item",
          "name": "minecraft:cooked_beef",
          "weight": 1
        },
        {
          "type": "item",
          "name": "minecraft:chicken",
          "weight": 1
        },
        {
          "type": "item",
          "name": "minecraft:cooked_chicken",
          "weight": 1
        },
        {
          "type": "item",
          "name": "minecraft:rotten_flesh",
          "weight": 1
        },
        {
          "type": "item",
          "name": "minecraft:baked_potato",
          "weight": 1
        },
        {
          "type": "item",
          "name": "minecraft:rabbit",
          "weight": 1
        },
        {
          "type": "item",
          "name": "minecraft:cooked_rabbit",
          "weight": 1
        },
        {
          "type": "item",
          "name": "minecraft:rabbit_stew",
          "weight": 1,
          "quality": 2
        },
        {
          "type": "item",
          "name": "minecraft:pumpkin_pie",
          "weight": 1,
          "quality": 2
        },
        {
          "type": "item",
          "name": "minecraft:mutton",
          "weight": 1
        },
        {
          "type": "item",
          "name": "minecraft:cooked_mutton",
          "weight": 1
        },
        {
          "type": "item",
          "name": "minecraft:beetroot_soup",
          "weight": 1
        },
        {
          "type": "item",
          "name": "minecraft:cod",
          "weight": 1
        },
        {
          "type": "item",
          "name": "minecraft:cooked_cod",
          "weight": 1
        },
        {
          "type": "item",
          "name": "minecraft:salmon",
          "weight": 1
        },
        {
          "type": "item",
          "name": "minecraft:cooked_salmon",
          "weight": 1
        },
        {
          "type": "item",
          "name": "minecraft:mushroom_stew",
          "weight": 1
        },
        {
          "type": "item",
          "name": "minecraft:cookie",
          "functions": [
            {
              "function": "set_count",
              "count": {
                "min": 1,
                "max": 4
              }
            }
          ],
          "weight": 1
        },
        {
          "type": "item",
          "name": "minecraft:sugar",
          "functions": [
            {
              "function": "set_count",
              "count": {
                "min": 1,
                "max": 3
              }
            }
          ],
          "weight": 1
        }
      ]
    },
    {
      "rolls": 1,
      "entries": [
        {
          "type": "item",
          "name": "minecraft:suspicious_stew",
          "functions": [
            {
              "function": "minecraft:set_stew_effect",
              "effects": [
                {
                  "type": "minecraft:jump_boost",
                  "duration": {
                    "type": "minecraft:uniform",
                    "min": 20,
                    "max": 150
                  }
                }
              ]
            }
          ],
          "weight": 1
        },
        {
          "type": "item",
          "name": "minecraft:suspicious_stew",
          "functions": [
            {
              "function": "minecraft:set_stew_effect",
              "effects": [
                {
                  "type": "minecraft:blindness",
                  "duration": {
                    "type": "minecraft:uniform",
                    "min": 50,
                    "max": 100
                  }
                }
              ]
            }
          ],
          "weight": 1
        },
        {
          "type": "item",
          "name": "minecraft:suspicious_stew",
          "functions": [
            {
              "function": "minecraft:set_stew_effect",
              "effects": [
                {
                  "type": "minecraft:regeneration",
                  "duration": {
                    "type": "minecraft:uniform",
                    "min": 30,
                    "max": 75
                  }
                }
              ]
            }
          ],
          "weight": 1
        },
        {
          "type": "item",
          "name": "minecraft:suspicious_stew",
          "functions": [
            {
              "function": "minecraft:set_stew_effect",
              "effects": [
                {
                  "type": "minecraft:weakness",
                  "duration": {
                    "type": "minecraft:uniform",
                    "min": 80,
                    "max": 120
                  }
                }
              ]
            }
          ],
          "weight": 1
        },
        {
          "type": "item",
          "name": "minecraft:suspicious_stew",
          "functions": [
            {
              "function": "minecraft:set_stew_effect",
              "effects": [
                {
                  "type": "minecraft:poison",
                  "duration": {
                    "type": "minecraft:uniform",
                    "min": 60,
                    "max": 80
                  }
                }
              ]
            }
          ],
          "weight": 1
        },
        {
          "type": "item",
          "name": "minecraft:suspicious_stew",
          "functions": [
            {
              "function": "minecraft:set_stew_effect",
              "effects": [
                {
                  "type": "minecraft:jump_boost",
                  "duration": {
                    "type": "minecraft:uniform",
                    "min": 15,
                    "max": 35
                  }
                }
              ]
            }
          ],
          "weight": 1
        },
        {
          "type": "empty",
          "weight": 12
        }
      ]
    },
    {
      "rolls": {
        "min": 0,
        "max": 1
      },
      "entries": [
        {
          "type": "item",
          "name": "minecraft:golden_apple",
          "functions": [
            {
              "function": "set_count",
              "count": {
                "min": 1,
                "max": 2
              }
            }
          ],
          "weight": 1
        },
        {
          "type": "item",
          "name": "minecraft:glistering_melon_slice",
          "functions": [
            {
              "function": "set_count",
              "count": {
                "min": 1,
                "max": 2
              }
            }
          ],
          "weight": 1
        },
        {
          "type": "item",
          "name": "minecraft:golden_carrot",
          "functions": [
            {
              "function": "set_count",
              "count": {
                "min": 0,
                "max": 1
              }
            }
          ],
          "weight": 1
        },
        {
          "type": "item",
          "name": "minecraft:gold_nugget",
          "functions": [
            {
              "function": "set_count",
              "count": {
                "min": 1,
                "max": 3
              }
            }
          ],
          "weight": 1
        }
      ]
    },
    {
      "rolls": {
        "min": 0,
        "max": 1
      },
      "bonus_rolls": 1,
      "entries": [
        {
          "type": "item",
          "name": "minecraft:emerald",
          "weight": 1
        },
        {
          "type": "item",
          "name": "minecraft:iron_ingot",
          "functions": [
            {
              "function": "set_count",
              "count": {
                "min": 1,
                "max": 4
              }
            }
          ],
          "weight": 2
        },
        {
          "type": "item",
          "name": "minecraft:emerald",
          "functions": [
            {
              "function": "set_count",
              "count": {
                "min": 1,
                "max": 3
              }
            }
          ],
          "weight": 1,
          "quality": 1
        }
      ]
    }
  ]
}