{
  "pools": [
    {
      "rolls": {
        "min": 0,
        "max": 2
      },
      "entries": [
        {
          "type": "item",
          "name": "minecraft:echo_shard",
          "weight": 4
        },
        {
          "type": "loot_table",
          "value": "magical_addons:wooden_wand",
          "functions": [
            {
              "function": "minecraft:set_damage",
              "damage": {
                "min": 0,
                "max": 0.9
              }
            }
          ],
          "weight": 6
        },
        {
          "type": "loot_table",
          "value": "magical_addons:stone_wand",
          "functions": [
            {
              "function": "minecraft:set_damage",
              "damage": {
                "min": 0,
                "max": 0.9
              }
            }
          ],
          "weight": 5
        },
        {
          "type": "loot_table",
          "value": "magical_addons:iron_wand",
          "functions": [
            {
              "function": "minecraft:set_damage",
              "damage": {
                "min": 0,
                "max": 0.9
              }
            }
          ],
          "weight": 4
        },
        {
          "type": "loot_table",
          "value": "magical_addons:golden_wand",
          "functions": [
            {
              "function": "minecraft:set_damage",
              "damage": {
                "min": 0,
                "max": 0.9
              }
            }
          ],
          "weight": 5
        },
        {
          "type": "loot_table",
          "value": "magical_addons:diamond_wand",
          "functions": [
            {
              "function": "minecraft:set_damage",
              "damage": {
                "min": 0,
                "max": 0.9
              }
            }
          ],
          "weight": 3
        }
      ]
    },
    {
      "rolls": {
        "min": 5,
        "max": 10
      },
      "entries": [
        {
          "type": "item",
          "name": "minecraft:paper",
          "weight": 3
        },
        {
          "type": "item",
          "name": "minecraft:leather",
          "weight": 1
        },
        {
          "type": "item",
          "name": "minecraft:stick",
          "weight": 1
        }
      ]
    },
    {
      "rolls": {
        "min": 1,
        "max": 2
      },
      "entries": [
        {
          "type": "item",
          "name": "minecraft:tipped_arrow",
          "functions": [
            {
              "function": "set_count",
              "count": {
                "min": 0,
                "max": 3
              }
            },
            {
              "function": "minecraft:set_potion",
              "id": "minecraft:slowness"
            }
          ],
          "weight": 2
        },
        {
          "type": "item",
          "name": "minecraft:tipped_arrow",
          "functions": [
            {
              "function": "set_count",
              "count": {
                "min": 0,
                "max": 3
              }
            },
            {
              "function": "minecraft:set_potion",
              "id": "minecraft:long_slowness"
            }
          ],
          "weight": 2,
          "quality": 1
        },
        {
          "type": "item",
          "name": "minecraft:tipped_arrow",
          "functions": [
            {
              "function": "set_count",
              "count": {
                "min": 0,
                "max": 3
              }
            },
            {
              "function": "minecraft:set_potion",
              "id": "minecraft:strong_slowness"
            }
          ],
          "weight": 2,
          "quality": 1
        },
        {
          "type": "item",
          "name": "minecraft:golden_apple",
          "functions": [
            {
              "function": "set_count",
              "count": {
                "min": 2,
                "max": 3
              }
            }
          ],
          "weight": 2,
          "quality": 2
        }
      ]
    }
  ]
}