{
  "type": "minecraft:crafting_shaped",
  "category": "equipment",
  "pattern": [
    "#",
    "/"
  ],
  "key": {
    "#": "minecraft:diamond",
    "/": "minecraft:stick"
  },
  "result": {
    "id": "minecraft:debug_stick",
    "count": 1,
    "components": {
      "!minecraft:debug_stick_state": {},
      "!minecraft:enchantment_glint_override": {},
      "minecraft:consumable": {
        "consume_seconds": 999999,
        "animation": "none",
        "has_consume_particles": false,
        "on_consume_effects": []
      },
      "minecraft:food": {
        "nutrition": 0,
        "saturation": 0,
        "can_always_eat": true
      },
      "minecraft:rarity": "common",
      "minecraft:item_model": "magical_addons:diamond_dagger",
      "minecraft:max_damage": 1561,
      "minecraft:max_stack_size": 1,
      "minecraft:damage": 0,
      "minecraft:item_name": {
        "translate": "item.magical_addons.diamond_dagger"
      },
      "minecraft:custom_data": {
        "magical_addons": {
          "id": "diamond_dagger",
          "max_damage": 1561
        }
      },
      "minecraft:enchantable": {
        "value": 10
      },
      "minecraft:attribute_modifiers": [
        {
          "type": "minecraft:attack_damage",
          "id": "magical_addons:attack_damage",
          "amount": 3.5,
          "operation": "add_value",
          "slot": "mainhand"
        },
        {
          "type": "minecraft:attack_speed",
          "id": "magical_addons:attack_speed",
          "amount": 0.8,
          "operation": "add_value",
          "slot": "mainhand"
        }
      ],
      "minecraft:tool": {
        "rules": [],
        "can_destroy_blocks_in_creative": false
      }
    }
  }
}