{
  "type": "minecraft:crafting_shaped",
  "category": "equipment",
  "pattern": [
    "  #",
    " / ",
    "/  "
  ],
  "key": {
    "#": "minecraft:gold_ingot",
    "/": "minecraft:stick"
  },
  "result": {
    "id": "minecraft:recovery_compass",
    "count": 1,
    "components": {
      "minecraft:consumable": {
        "consume_seconds": 999999,
        "animation": "none"
      },
      "minecraft:food": {
        "nutrition": 0,
        "saturation": 0,
        "can_always_eat": true
      },
      "minecraft:item_model": "magical_addons:golden_wand",
      "minecraft:item_name": {
        "translate": "item.magical_addons.golden_wand"
      },
      "minecraft:max_damage": 32,
      "minecraft:damage": 0,
      "minecraft:rarity": "common",
      "minecraft:max_stack_size": 1,
      "minecraft:custom_data": {
        "magical_addons": {
          "id": "golden_wand",
          "max_damage": 32,
          "mana_item": true,
          "min_mana": 1
        }
      },
      "minecraft:enchantable": {
        "value": 22
      }
    }
  }
}