{
  "type": "minecraft:smithing_transform",
  "addition": "#minecraft:netherite_tool_materials",
  "base": "minecraft:command_block",
  "result": {
    "count": 1,
    "id": "minecraft:recovery_compass",
    "components": {
      "minecraft:consumable": {
        "consume_seconds": 999999,
        "animation": "none"
      },
      "minecraft:food": {
        "nutrition": 0,
        "saturation": 0,
        "can_always_eat": true
      },
      "minecraft:item_model": "magical_addons:netherite_wand",
      "minecraft:item_name": {
        "translate": "item.magical_addons.netherite_wand"
      },
      "minecraft:max_damage": 2031,
      "minecraft:damage": 0,
      "minecraft:max_stack_size": 1,
      "minecraft:rarity": "common",
      "minecraft:custom_data": {
        "magical_addons": {
          "id": "netherite_wand",
          "max_damage": 2031,
          "mana_item": true,
          "min_mana": 1
        }
      },
      "minecraft:enchantable": {
        "value": 15
      }
    }
  },
  "template": "minecraft:netherite_upgrade_smithing_template"
}