{
  "type": "minecraft:smithing_transform",
  "addition": "#minecraft:netherite_tool_materials",
  "base": "minecraft:debug_stick",
  "result": {
    "components": {
      "minecraft:consumable": {
        "consume_seconds": 999999,
        "animation": "none"
      },
      "minecraft:food": {
        "nutrition": 0,
        "saturation": 0,
        "can_always_eat": true
      },
      "minecraft:rarity": "common",
      "minecraft:item_model": "magical_addons:netherite_dagger",
      "minecraft:max_damage": 2031,
      "minecraft:max_stack_size": 1,
      "minecraft:damage": 0,
      "minecraft:item_name": {
        "translate": "item.magical_addons.netherite_dagger"
      },
      "minecraft:custom_data": {
        "magical_addons": {
          "id": "netherite_dagger",
          "max_damage": 2031
        }
      },
      "minecraft:enchantable": {
        "value": 15
      },
      "minecraft:attribute_modifiers": [
        {
          "type": "minecraft:attack_damage",
          "id": "magical_addons:attack_damage",
          "amount": 4,
          "operation": "add_value",
          "slot": "mainhand"
        },
        {
          "type": "minecraft:attack_speed",
          "id": "magical_addons:attack_speed",
          "amount": 0.8,
          "operation": "add_value",
          "slot": "mainhand"
        }
      ],
      "minecraft:tool": {
        "rules": [],
        "can_destroy_blocks_in_creative": false
      }
    },
    "count": 1,
    "id": "minecraft:netherite_sword"
  },
  "template": "minecraft:netherite_upgrade_smithing_template"
}