{
  "type": "minecraft:crafting_shaped",
  "category": "equipment",
  "pattern": [
    "#",
    "/"
  ],
  "key": {
    "#": "minecraft:cobblestone",
    "/": "minecraft:stick"
  },
  "result": {
    "id": "minecraft:recovery_compass",
    "count": 1,
    "components": {
      "minecraft:consumable": {
        "consume_seconds": 999999,
        "animation": "none"
      },
      "minecraft:food": {
        "nutrition": 0,
        "saturation": 0,
        "can_always_eat": true
      },
      "minecraft:rarity": "common",
      "minecraft:item_model": "magical_addons:stone_dagger",
      "minecraft:max_damage": 132,
      "minecraft:max_stack_size": 1,
      "minecraft:damage": 0,
      "minecraft:item_name": {
        "translate": "item.magical_addons.stone_dagger"
      },
      "minecraft:custom_data": {
        "magical_addons": {
          "id": "stone_dagger",
          "max_damage": 132
        }
      },
      "minecraft:enchantable": {
        "value": 5
      },
      "minecraft:attribute_modifiers": [
        {
          "type": "minecraft:attack_damage",
          "id": "magical_addons:attack_damage",
          "amount": 2.5,
          "operation": "add_value",
          "slot": "mainhand"
        },
        {
          "type": "minecraft:attack_speed",
          "id": "magical_addons:attack_speed",
          "amount": 0.8,
          "operation": "add_value",
          "slot": "mainhand"
        }
      ]
    }
  }
}