{
  "parent": "magical_addons:---/dungeon/root",
  "criteria": {
    "requirement": {
      "trigger": "minecraft:placed_block",
      "conditions": {
        "location": [
          {
            "condition": "minecraft:location_check",
            "predicate": {
              "block": {
                "blocks": "minecraft:white_bed"
              }
            }
          }
        ]
      }
    }
  },
  "rewards": {
    "function": "magical_addons:dungeon/aether_portal/raycast"
  }
}