{
  "parent": "magical_addons:---/block/place",
  "criteria": {
    "requirement": {
      "trigger": "minecraft:placed_block",
      "conditions": {
        "location": [
          {
            "condition": "minecraft:location_check",
            "predicate": {
              "block": {
                "blocks": "minecraft:spruce_slab"
              }
            }
          }
        ]
      }
    }
  },
  "rewards": {
    "function": "magical_addons:block/vanilla/spruce_slab/raycast"
  }
}